id,name,model_id,group_id/id,operation,domain
access_ninthsense_onboarding_request_user,ninthsense.onboarding.request.user,ninthsense.onboarding.request,hr_recruitment.group_hr_recruitment_user,ru,
access_ninthsense_onboarding_request_manager,ninthsense.onboarding.request.manager,ninthsense.onboarding.request,hr_recruitment.group_hr_recruitment_manager,rud,
access_ninthsense_onboarding_request_line_user,ninthsense.onboarding.request.line.user,ninthsense.onboarding.request.line,hr_recruitment.group_hr_recruitment_user,r,
access_ninthsense_onboarding_request_line_manager,ninthsense.onboarding.request.line.manager,ninthsense.onboarding.request.line,hr_recruitment.group_hr_recruitment_manager,rd,
access_ninthsense_onboarding_document_user,ninthsense.onboarding.document.user,ninthsense.onboarding.document,hr_recruitment.group_hr_recruitment_user,r,
access_ninthsense_onboarding_document_manager,ninthsense.onboarding.document.manager,ninthsense.onboarding.document,hr_recruitment.group_hr_recruitment_manager,rd,
access_ninthsense_onboarding_value_user,ninthsense.onboarding.value.user,ninthsense.onboarding.value,hr_recruitment.group_hr_recruitment_user,r,
access_ninthsense_onboarding_value_manager,ninthsense.onboarding.value.manager,ninthsense.onboarding.value,hr_recruitment.group_hr_recruitment_manager,rd,
access_ninthsense_onboarding_fill_line_user,ninthsense.onboarding.fill.line.user,ninthsense.onboarding.fill.line,hr_recruitment.group_hr_recruitment_user,r,
access_ninthsense_onboarding_fill_line_manager,ninthsense.onboarding.fill.line.manager,ninthsense.onboarding.fill.line,hr_recruitment.group_hr_recruitment_manager,rd,
access_ninthsense_onboarding_document_type_user,ninthsense.onboarding.document.type.user,ninthsense.onboarding.document.type,hr_recruitment.group_hr_recruitment_user,r,
access_ninthsense_onboarding_document_type_manager,ninthsense.onboarding.document.type.manager,ninthsense.onboarding.document.type,hr_recruitment.group_hr_recruitment_manager,r,
access_ninthsense_onboarding_template_user,ninthsense.onboarding.template.user,ninthsense.onboarding.template,hr_recruitment.group_hr_recruitment_user,r,
access_ninthsense_onboarding_template_manager,ninthsense.onboarding.template.manager,ninthsense.onboarding.template,hr_recruitment.group_hr_recruitment_manager,crud,
access_ninthsense_onboarding_template_line_user,ninthsense.onboarding.template.line.user,ninthsense.onboarding.template.line,hr_recruitment.group_hr_recruitment_user,r,
access_ninthsense_onboarding_template_line_manager,ninthsense.onboarding.template.line.manager,ninthsense.onboarding.template.line,hr_recruitment.group_hr_recruitment_manager,crud,
access_ninthsense_onboarding_template_mapping_user,ninthsense.onboarding.template.mapping.user,ninthsense.onboarding.template.mapping,hr_recruitment.group_hr_recruitment_user,r,
access_ninthsense_onboarding_template_mapping_manager,ninthsense.onboarding.template.mapping.manager,ninthsense.onboarding.template.mapping,hr_recruitment.group_hr_recruitment_manager,crud,
access_ninthsense_onboarding_send_wizard_user,ninthsense.onboarding.send.wizard.user,ninthsense.onboarding.send.wizard,hr_recruitment.group_hr_recruitment_user,crud,
access_ninthsense_onboarding_link_dialog_user,ninthsense.onboarding.link.dialog.user,ninthsense.onboarding.link.dialog,hr_recruitment.group_hr_recruitment_user,crud,
